src-ip,risk-factor,Categories
0.12575208757,0.999910008099,0.0
4.28951273269e-30,0.999910008099,0.0
8.79283784645e-30,0.99995700387,1.0
4.04213115208e-30,0.999910008099,0.0
1.06082416297e-29,0.999929006389,1.0
1.0609886891e-29,0.999910008099,0.0
4.22686875444e-30,0.999910008099,0.0
1.05904110693e-29,0.999910008099,0.0
5.6629709873e-30,0.999910008099,0.0
3.39142453693e-30,0.999910008099,0.0
5.17728971261e-32,0.999910008099,0.0
3.88702255651e-30,0.999914007739,1.0